Workbook

Sheet Tổng hợp phí
A1: BẢNG TỔNG HỢP PHÍ TỪ ĐỐI TÁC NGÂN HÀNG
A2: Tháng 05/2024
A4: STT | B4: Ngân hàng đối tác | C4: Mã đối tác | D4: Số giao dịch (thành công) | E4: Doanh số (VND) | F4: Phí cố định (VND) | G4: Tỷ lệ phí (%) | H4: Phí biến đổi (VND) | I4: Tổng phí (VND)
A5: 1 | B5: Vietcombank | C5: VCB | D5: 128345 | E5: 25364580000 | F5: 1000000 | G5: 0.0008 | H5: =ROUND(E5*G5,0) -> 20291664 | I5: =F5+H5 -> 21291664
A6: 2 | B6: BIDV | C6: BIDV | D6: 96732 | E6: 18245760000 | F6: 1000000 | G6: 0.0008 | H6: =ROUND(E6*G6,0) -> 14596608 | I6: =F6+H6 -> 15596608
A7: 3 | B7: VietinBank | C7: CTG | D7: 87531 | E7: 16834210000 | F7: 1000000 | G7: 0.0007 | H7: =ROUND(E7*G7,0) -> 11783947 | I7: =F7+H7 -> 12783947
A8: 4 | B8: Techcombank | C8: TCB | D8: 74113 | E8: 14102330000 | F8: 1000000 | G8: 0.0007 | H8: =ROUND(E8*G8,0) -> 9871631 | I8: =F8+H8 -> 10871631
A9: 5 | B9: MB Bank | C9: MBB | D9: 63921 | E9: 12009880000 | F9: 1000000 | G9: 0.0008 | H9: =ROUND(E9*G9,0) -> 9607904 | I9: =F9+H9 -> 10607904
A10: 6 | B10: ACB | C10: ACB | D10: 52448 | E10: 9455230000 | F10: 1000000 | G10: 0.0008 | H10: =ROUND(E10*G10,0) -> 7564184 | I10: =F10+H10 -> 8564184
A11: 7 | B11: VPBank | C11: VPB | D11: 49302 | E11: 8921450000 | F11: 1000000 | G11: 0.0008 | H11: =ROUND(E11*G11,0) -> 7137160 | I11: =F11+H11 -> 8137160
A12: 8 | B12: TPBank | C12: TPB | D12: 38654 | E12: 6784120000 | F12: 1000000 | G12: 0.0008 | H12: =ROUND(E12*G12,0) -> 5427296 | I12: =F12+H12 -> 6427296
A13: 9 | B13: OCB | C13: OCB | D13: 27832 | E13: 4982630000 | F13: 1000000 | G13: 0.0008 | H13: =ROUND(E13*G13,0) -> 3986104 | I13: =F13+H13 -> 4986104
A14: 10 | B14: SHB | C14: SHB | D14: 22145 | E14: 3765230000 | F14: 1000000 | G14: 0.0008 | H14: =ROUND(E14*G14,0) -> 3012184 | I14: =F14+H14 -> 4012184
A15: TỔNG CỘNG | D15: =SUM(D5:D14) -> 641023 | E15: =SUM(E5:E14) -> 120465420000 | F15: =SUM(F5:F14) -> 10000000 | H15: =SUM(H5:H14) -> 93278682 | I15: =SUM(I5:I14) -> 103278682
A17: TỔNG HỢP
A18: Tổng doanh số (VND) | D18: =E15 -> 120465420000 | F18: Ghi chú: Phí = Phí cố định + (Doanh số × Tỷ lệ phí). Chữ xanh là dữ liệu nhập từ đề bài, chữ đen là công thức.
A19: Tổng số giao dịch | D19: =D15 -> 641023
A20: Tổng phí (VND) | D20: =I15 -> 103278682
A21: Tỷ lệ phí bình quân | D21: =I15/E15 -> 0.00085733053

Sheet Bảng tra người dùng
A1: Mã giao dịch | B1: Tên người dùng
A2: GD0001 | B2: Nguyễn Văn An
A3: GD0002 | B3: Trần Thị Bích
A4: GD0003 | B4: Lê Hoàng Cường
A5: GD0004 | B5: Phạm Minh Đức
A6: GD0005 | B6: Võ Thị Hà
A7: GD0006 | B7: Huỳnh Quốc Huy
A8: GD0007 | B8: Đặng Thu Lan
A9: GD0008 | B9: Bùi Gia Khang
A10: GD0009 | B10: Ngô Thanh Mai
A11: GD0010 | B11: Dương Văn Nam
A12: GD0011 | B12: Lý Thị Oanh
... A21: GD0020 | B21: Châu Văn Yên

Sheet Dữ liệu giao dịch
A1: Mã giao dịch (thô) | B1: Ngày | C1: Mã đối tác | D1: Số tiền (VND) | E1: Mã giao dịch (đã TRIM) | F1: Tên người dùng (VLOOKUP)
A2: GD0001 | B2: 2024-05-01 | C2: VCB | D2: 150000 | E2: =TRIM(A2) -> GD0001 | F2: =VLOOKUP(E2,'Bảng tra người dùng'!$A$2:$B$21,2,FALSE()) -> Nguyễn Văn An
A3: GD0002 | B3: 2024-05-02 | C3: BIDV | D3: 320000 | E3: =TRIM(A3) -> GD0002 | F3: =VLOOKUP(E3,'Bảng tra người dùng'!$A$2:$B$21,2,FALSE()) -> Trần Thị Bích
A4: GD0003 | B4: 2024-05-03 | C4: CTG | D4: 85000 | E4: =TRIM(A4) -> GD0003 | F4: =VLOOKUP(E4,'Bảng tra người dùng'!$A$2:$B$21,2,FALSE()) -> Lê Hoàng Cường
A5: GD0004 | B5: 2024-05-04 | C5: TCB | D5: 500000 | E5: =TRIM(A5) -> GD0004 | F5: =VLOOKUP(E5,'Bảng tra người dùng'!$A$2:$B$21,2,FALSE()) -> Phạm Minh Đức
A6: GD0005 | B6: 2024-05-05 | C6: MBB | D6: 1200000 | E6: =TRIM(A6) -> GD0005 | F6: =VLOOKUP(E6,'Bảng tra người dùng'!$A$2:$B$21,2,FALSE()) -> Võ Thị Hà
A7: GD0006 | B7: 2024-05-06 | C7: ACB | D7: 45000 | E7: =TRIM(A7) -> GD0006 | F7: =VLOOKUP(E7,'Bảng tra người dùng'!$A$2:$B$21,2,FALSE()) -> Huỳnh Quốc Huy
A8: GD0007 | B8: 2024-05-07 | C8: VPB | D8: 260000 | E8: =TRIM(A8) -> GD0007 | F8: =VLOOKUP(E8,'Bảng tra người dùng'!$A$2:$B$21,2,FALSE()) -> Đặng Thu Lan
A9: GD0008 | B9: 2024-05-08 | C9: TPB | D9: 75000 | E9: =TRIM(A9) -> GD0008 | F9: =VLOOKUP(E9,'Bảng tra người dùng'!$A$2:$B$21,2,FALSE()) -> Bùi Gia Khang
A10: GD0009 | B10: 2024-05-09 | C10: OCB | D10: 980000 | E10: =TRIM(A10) -> GD0009 | F10: =VLOOKUP(E10,'Bảng tra người dùng'!$A$2:$B$21,2,FALSE()) -> Ngô Thanh Mai
A11: GD0010 | B11: 2024-05-10 | C11: SHB | D11: 130000 | E11: =TRIM(A11) -> GD0010 | F11: =VLOOKUP(E11,'Bảng tra người dùng'!$A$2:$B$21,2,FALSE()) -> Dương Văn Nam
A12: GD0011 | B12: 2024-05-11 | C12: VCB | D12: 60000 | E12: =TRIM(A12) -> GD0011 | F12: =VLOOKUP(E12,'Bảng tra người dùng'!$A$2:$B$21,2,FALSE()) -> Lý Thị Oanh
A13: GD0012 | B13: 2024-05-12 | C13: BIDV | D13: 410000 | E13: =TRIM(A13) -> GD0012 | F13: =VLOOKUP(E13,'Bảng tra người dùng'!$A$2:$B$21,2,FALSE()) -> Phan Quốc Phong
... A21: GD0020 | B21: 2024-05-20 | C21: SHB | D21: 265000 | E21: =TRIM(A21) -> GD0020 | F21: =VLOOKUP(E21,'Bảng tra người dùng'!$A$2:$B$21,2,FALSE()) -> Châu Văn Yên
